model,asr_mismatch,asr_mismatch_rate,cer,dnsmos_bak,dnsmos_ovrl,dnsmos_sig,duration,duration_ratio,dynamic_range_db,energy_mean,energy_std,f0_mean,f0_range,f0_std,has_repetition,has_silence_anomaly,hnr,inference_time_ms,insertion_rate,is_empty_or_short,jitter,mer,mer_normalized,output_snr,pause_count,pause_mean_duration,pause_ratio,rtf,semantic_distance,shimmer,speaking_rate,substitution_rate,syllable_rate,ttfa_ms,utmos,wer,wer_normalized,word_skip_rate
lmnt,0.375,0.08458443562610228,0.034467666647379,3.945749521255493,3.3501722315947213,3.67004813419448,2.199444444444445,0.843401455026455,56.265777967175126,70.21729582695144,12.092138502567355,204.76157167893524,137.12459477802645,45.089268768504084,0.0,0.0,9.484904708021311,1641.2705845303005,0.005263447971781305,0.0,0.01791214765198356,0.08323963844797178,8.323963844797177,39.176357463577325,0.027777777777777776,0.006333333333333333,0.12354662964019648,0.7567271797184024,0.06990995589229795,0.10470373915811189,3.6243420257428522,0.06551477072310403,5.4365130386142795,1639.095962047577,3.8502307766013675,0.08458443562610228,8.458443562610228,0.013806216931216931
